0xbe75b9Dac5938e4867F2437f11DF92199F00c7dE,15
0xdD0f08DAD5CB2A920F6F9a72B2D9f44699Df3a0a,30
0x163ECcF1FE9c3689cfe511838bD98f30d5F89362,3
0x49B0A81d4d498953FB85dB783e780D253f17Bfd5,18
0xa5FB05365e0C6Fe4ecb179550A20917424bD1573,4
0xf886B127d4E381E7619d2Af1617476fef0d04F8c,1
0xc664F3f1C7170A9C213F56456a83f54E26FF310f,1
0x7502792c4648C548793274Cf0C3f662b321f7373,1
0x5D321E7A36155Fa3F737c81d7f5426643E51DDe1,1
0xa73EfC317530a44C2410E1b3Fd50E25101e3Cdeb,1
0xEA04309D1d95b994A4f4EFE77EF73FD4e79D8F11,5
0x879765FfD7F2FE105ed3AA42B15b5F5aD241F0bD,10
0x88541015018fe87b2C8d9Dd50da5DC29f6231c26,10
0x9dc3c4c5dcF9E67Fdfe2Cf72845403345DdcDEcd,10
0x11aDCA99FD220f7E26772E39ed8DF535E4A58721,15
0x2E4e508bD88D4FEE4a8b8E463a8F13f0734f8225,15
0x9B4FBCEc8F8A7Ae18Aa329Aa60Ac58C8C618C0C6,10
0xe93F2f5d8cdFdda42231827a344975AC234DB2FC,4
0x2EdB8bfb8cACA74ddcF0a1914864a8E37BD4b000,3
0x4f6C0D4AC88a2724ED7b3F3A8a27A2414E995877,6
0xB4FaA82E4cc5EA252Eef2170d706905c088F1900,5
0x5B3eAD0011c758Caf00FbE664e522D84F0aD721d,14
0xe83b38F179fF70250069dc7125ACa0D4D1B3cfa9,10
0x288A3045E869576d7f8767Fc68de82E9F8Af4671,9
0x91BCE11Dc647385aa2d7A9d5262Ef6B3f3BCA82A,3
0x410987c000d3A072ba575873d70e92cA3e1c15C6,10
0x2C88A51A70573cb50A2247B2eBfccCA9BbA34473,5
0x488eD54Ca0Ae6D64683286278bE99E9c3A9C203E,5
0xEB10a955cfD0C9b9F192B0D0d820158dEc8fFD7F,4
0x4EF8aa980045751877785a021321890885a9ad4C,3
0x4898dD2Abe7d3a53A9E4815B2DC24d81058b2047,5
0x846639D2Ac2Ac42f8a925b11f8e2c2b3f487a960,5
0x32840c4d7d6ceAdd39Ad7FAb336b1Def93827dEA,5
0x82F81A6cB81C0d977d1A212E8fcfEb59542AD7d3,5
0xE1c2e55E6aCA56Ea2584868E9434D96a479dD5f9,6
0xc03D1E2D94dc8fBCD7b015FD8bA1267245cFf2af,10
0x6b4104F63D167a30e070177c27Db560dB49D5cfE,10
0x63Aaeba9d2ebCF6588a39BeC835b00Aa6DAf5852,5
0xB6a931B3Ca1c0A2347daC6b4c3A6630F56CF10AC,5
0xF42Bc1A36780275B0B410063546235b8B9B66321,5
0x40dDEE594994fc815F8b0d60f1900076b8b05FF6,7
0x7F40fDB05d3bdab3e6977bcEdC99BC1E5F0e4386,1
0x7c8576632bD391dA1AaE87f1177c4B3D01E90CCA,5
0x5785E832EFaC8ab4AEF8521ab4FEf77C909c31f3,2
0x88d7f7EC27F116F60b15ea66Bd210094d0db034b,5
0xE966275f1e1932fb064f9Ba90aA65E0c2Ad0bFaD,5
0x741f5Fe9064D4d76019F73F42974A4bf37049403,5
0xDC8454FC7cd769c1D1C40661cD286656e7876Bbd,5
0x677d3d42AE257155Bc87B0882ac0496C1d4C6060,5
0x67c9Fef3F69B0Cd2510147DF805839643162efc4,5
0x81fe717C7abAEEaF222f8f205A1412539152d4b5,5
0x96353d42d88E8A9945cdc8308592F4853f39e114,5
0x1BB58b4114e079d1D259833982029ac4fB6851AE,5
0x32DB81f6AEC3627D9561F5c47D65EBAa50F7fd1E,5
0x87a4C0B36aff5695456BDaB66e30db6c89c3cDb5,5
0x684604847CcbE6d2bEdf87e44515c4cD64C0B8C4,5
0x27a25E7d890F656cD508173A9E16369B5A29108C,5
0x31D3B286a8Eab77546EB8eFa91519B31c8410115,1
0x49E3769068CF1B720aBc38B25Ef0d0FDcBCA395a,5
0xA5cd39ccCa574B54085E7c10e53E23883ba50dcA,5
0xA935305bd056c1e850E5E1c261129BeeADA718c1,5
0x22AC85249Eb0983C234fAcD5f81824B5D4d20215,1
0xe90194C9365a4D995F1d9F262E8dF744541447F1,2
0x3E7ce8799eccF8DF033820451fb0DDCcEC212E7E,2
0xDE49A24C7bb59caB429314365af21e7AfEf1862F,1
0xCBB86Db2CC5665D953ac14BDac183F67b797409c,5
0xEAdA96BF164643bDFe3e657a9f380854694a49DD,5
0xdc3F4b133561ab3278CF50740b9b6AC6cAb34fF1,4
0xF7104b68f495edf0F03cfb8D78F6ae32cF35D2Ee,1
0x5c80F167fD4Df232BEd5157E79787457bDc8F8c2,5
0x8F180E6D618f42eEF6Cc8870b39C69adE06EbAA5,5
0x8fa27e49a4Bf33229B5963e355B2C3596050E359,5
0xFc95a23fDD08C35DAe05B1Efc885f6182a14B612,5
0x4d000c1Bc69839257a969fEF0ed6bCb9C73452C9,5
0x6D3De16bed3252906C532388678e23DCe03dbe35,5
0xb5BD0850E5e86BD205A4b61B92665B9Ae048C613,5
0x8d4dAbA34C92E581F928fCA40e018382f7A0282a,6
0x3C5ca3716Ab36704FB8D2E37dD7A42293151d411,5
0x6e306a7d34860B0D45346a870f6110483fc5F280,5
0xbC185dc8a340613A1781dAb74c93F12E5D440175,3
0x89826f4e2Fe4fC920c6D87Cac46df0b440C8CA2B,5
0x94EAa5293BEB092345c09E9Ab998d1266eAEAbB0,5
0x73E24100918F9AAeb85Cf46B963FE70499664e0f,5
0xCf4F1487F0A8922F07694336Ff48831Ae91675a1,5
0xBa98dfD081Ef87db988ccDb7893924Ae247684bC,7
0x102773854B80Fe995116FCCceD2Ac7b99D3D8499,5
0x0Cac38B8438436823d9a3a9D11531734B92960F4,1
0xD26CD40E8A750FCAf0576e6694aCb622639042Ed,1
0xdbD4d035782e6CD9c234d451D342c4a4fc357140,4
0xC7b8822E1eEAd4Cd1Fb3ae33f34Daf694DBA6B23,2
0x3a7243Fd7a1925eD2EDF75cB0dF827C65BDded7d,6
0x61C0Ad19585e381a89BEC8946B150696D1ff08FE,8
0xa3AE5dD647130c9E995E5F7582066405Ef4a0F21,6
0xE386C948d7FcD110088236e2839353ce11735B90,5
0x335f9758A12693dB9Be0BeF3668fbc26fCe18e95,5
0x32f93DA90d7B0a24F2B688069ed6ce4682b56AF7,5
0x7159eB0b3226926A8E7Fce7B8D26D6b8F4452532,5
0x49d62272371bf192Fc722AeD307c97d00dcC3D30,5
0x6A740a382dAd40a4713651B7B76b08C1Acc32b5e,10
0x0Fc7d7F20EF662640eb4B0Fc9629AA934C3509e9,5
0x41a01B28F5b51fd8de13170fDa1b71B41fc32646,5
0xfD74E361244a2E4eb807583969943EEc01b60FFC,5
0x5Bf1D82E9257Cc564DeF9E29fdc08E64dB9498d5,5
0x6124E6701a25166d1c942626a40ddB6112Ace479,5
0x01f8c80533BF12698E84477938244311fe512045,5
0x7455ea3A1eE9883C4186c62665780BE0a6BF137d,10
0x26aC5cc42D2d6E2d672906c91be8Afd936053AA1,1
0x8fCc16d379A066588161C7bAfB2532782F96209e,5
0x70e896e7D2FD56AB7C2561Cb10Ead3EC6eac32F9,5
0x6251BA57776C70CFeac05683cc744da0f9a41222,5
0x9187b907bE38fB61963AeB3587DdcDfa289E5ec4,5
0x7fD319B5d38DfdCd408142e0d5E12f7eC0a73e96,5
0x5049B8b72461f9b1fD1fAbd448cDbF5fAF691d77,5
0x73fB71642d9189cf8EB197ddEAA46ca962AbF8Fc,5
0x979a6C71E8865a9345De203979507884350d727a,10
0x74026d00F0588fbEDE022A15c50E2f4531acB5aF,1
0x713eaF225E60a839C1643FCb3fAd51C3570E245b,2
0x6731e43bbac17483cd6E88f47ab419eD663ae545,3
0x6Ef96a79E16Dc4a26fD80C0048e86A4108fAcd50,1
0x6Df243C0B65A5609c7656D7E0238cb0DF24Bb6ce,1
0x6ce6Bb0aC939ee9f33B21a92ddEE62a0c288F3A6,2
0x6c9c7B7a8D79490e034330d8F8118A57eabb478A,1
0xE85794Ab496Ce2DfED8553D2d73321cA44021d0C,5
0x6939E583404b9feB4Fac546AAEf319d6A2f1a8Ad,1
0x60E7e5028F9899c0E0A5DaB70171C8e2BCBfa47e,1
0x59Bf9703eb01df442cE6255A615a238c2E7833D5,6
0x55215C7eF9aF0422aDF09fe9dC58D8348F2172E9,1
0x533e112Ec47deaDf51DDe318AF5Bf3F77d18A7a8,2
0x4A5CA6Ce5FfB9f4a8a48B2b8aEA792Ac4B902E24,2
0x495651756D02C0dD79f386A033a0e5eaaA1a50DB,1
0x486C1F1280202B0d5DbD1c15DFddfc30f949a180,1
0x4856dB834F9d433Ad5F53bCbD5A1957f1EE61aD8,1
0x53d37234EdF18b3Cc5CAbf8639074f1a23805d2c,2
0x8d23d9818C5537Fc5A5F2F72484D9173B7cB5b29,1
0x473de68ecBBdcDB26F381e7F4F9174495Ebb06Eb,1
0x448936E61D71A5d3F275d20d8565F2783a1d61fA,1
0x3c098770c32634140F77401c7086Cc2e48Ca9EE5,1
0x3a26B2ABfD3d4e9f46fdFFfE4BACADe0A77c218F,3
0x37D31D31208f5E9b7C5d263d94371146A32b6430,1
0x37B15E06Ad0F4520CCDd8c2557D2a28DA0354f7D,1
0x32DB22Dc3432DF1D5BE8bbBDBb790c4EB59ffA23,1
0x309ff9f42E47D52A76035524E47484d0DEFD6854,1
0x2F9E04Ef3641bB2E06eb1F2477d464E2b26c85a1,1
0x2e83C8BCEd852992e8F21d1d1b529AF35725002A,1
0x2dF6d7E9BF3F6e17A59CF68F6723Ba1011D3b8B2,1
0x275bf84b73150F484B394F55b7bbe8ECDB5DDF5D,1
0x2715F4C3a2cef48777FDc726394Cb5a0D78A6078,1
0x23b01cE2385b2D16AC0dcEa2E46EDF21D49bE738,2
0x1Fa1a6f40A0BAAA294FF54784dd6B958492866e1,1
0x1D397D321Aa7Ae1800CA3EAA881FF094378D200e,1
0x182a3672B2448456A7e509864B9F478b794F7348,1
0x14Fcb7B53F06a2353c90B4Adc81664A4a963DF8F,1
0x13FF8d89906448B94979BBD01ABa51e3656f4620,2
0x12a650074A084F450Fe41f90199F0A4DD21C1dDc,1
0xC0AF213DDBB9Eb3D35912024FFE972B6640A4263,1
0x10f40DbC3799F65179DbC31f8866AA67EC8c9a6D,1
0x0F40aB21D10E71310A863C9e2b1aa0d0564bbB1c,3
0x0c84f018ac94147179ca65b461e3f7F1d36d5bb3,1
0x0A54b5b86efe5bd93AE21cf8174565e2124E4403,1
0x08aA982e67C5Da14C07396F0c4a43bCF1ebf8b8D,1
0x042324E818a6325E2A6a5F1F91d510906d6543F3,1
0x028B0363ffD8c9DC545A4eB60C085177cd31436B,1
0xF6DC90A79A173a8f2a1C774165c32dec676A6b34,1
0xF5e56677fd64002223Ce8cFB1c5EEAD56fcbcdd4,1
0xF55Dbe8D71Df9Bbf5841052C75c6Ea9eA717fc6d,1
0xf26Ee6Ba8A2BC9A0b985876bAa7b2AB865eF4964,2
0xbAA65bEA67ff6e69BeD2dA79312Da66D2a6457B3,1
0x0e92875566e5a7f16785DD35866251AA9F238F76,1
0xe56c73DFEba2f9ca723C9C3Bfb6a0E939c9CeA61,1
0xE3522C58E3789376A0f79b3d43EC21691E603bB8,3
0xDbe7d9Ca2748F0B033706acE1B988B817116bfFd,1
0xDB060e08ec1577d9C26c26d03140C9ddf91Ede4f,1
0x30F457BB9aFB8bEAd5a8fd8Eb29261302D5305a1,1
0xd62dEB9161D8dEb2b35095BB59964EB9adC0575e,1
0xD4EdccDD1385a9f65B181e5Ce80d078d50bfdc67,3
0xD26EAd6Ab7e49ee326a8AbB6cCF0d58f7C34Fc70,1
0xd15a75c8d90a10bB0541fd58Ef1027639DFB9D77,1
0xcD936226FB3A7AfD911b7f733fFaeca2479d46e8,1
0xCB401Ceb54D48C73DC3383E9B36402aaF65ad2Bf,1
0xcA69CaA6797A672757007153Ffcbe931b383Ca4F,1
0xC97c1C500A50796CafC7C0b5AA4bbCdbA37DDf48,1
0x1794Cc4E5bE0800828a110aA98A29DB96dFB10CF,5
0xbcAd8230977124b4Acd02b1EBA10345f2d775d31,1
0xbc5abc87881f3DD95C027204b08e100Bd1353911,1
0xbb0173C0E8D5919e0a6A4066a1C506B16748E2d1,2
0xBA78031376a6264B6452145b19461065BfbE8876,1
0xb8b58bE473f947b6B2dABFE05d38119C3A3864D5,5
0xB56bD1484612A28a1A34dC0f4De9F6eDa03568E0,4
0xB528377BE30aE47925Ede70Bf2dE0fb997A9A879,2
0xafe35335237B34C9F38460C2d24B04fe76c90645,1
0xaE19056D4DA846b47a589c283d373F622765269a,4
0xaDcE49e08484a9FE821CADAB2Bb6E7dDD159207F,1
0xa2D8807f7962fc844d8302F34A1bAFc8AffaC54d,1
0xA25207Bb8f8EC2423E2ddf2686A0CD2048352f3E,2
0xa12fD0e55F85245D7386453F6C70A57CBAa590FF,1
0x9Bb2e148453B61931a5d1799f9DdB1348D5CB656,1
0x8902445a59877f333280265062f03c9014E6892a,2
0x928b1609cd59aD4016f47Aa171b852Ddff912dc9,2
0x8ff576656be31963FA3D1E2d7EaD683A77E54FAD,1
0x8C5433357b60d5a307ebf2D3858133dC1cc05E97,1
0x8b261c91f7B66d65770D3cCf1E1ec3dbB62dB465,1
0x895C2EB57E7c3097195563262EbBB670385f49Fb,1
0x870e649Cf0bE30f333714DdC5f6b4291d1674522,1
0x85D3c6be944F7fF76968C79Fa7CE409F0a3734B6,2
0x7E8Dec1092F7fac6ad0803568505F59ba658DC94,2
0x7C151730812F57702834996acbA461E47541E111,4
0x7bA703903649a4785B5FAD8362Ca751B23B031EB,1
0x78E248a5fAA891Bb7698677fc896e9ED2Cfe87df,12
0x77f0af6844C014357Ea621c8B7610b5ECd35ACb9,1
0xB975449a117913AaF1662E0C84b20Ed580c791e2,2
0x2496286BDB820d40C402802F828ae265b244188A,1
0xc90D2a98F60577CF9cAC881b90b24BdC68506C02,1
0x9Aa70c212C01a01900b04319Aed3b0D85bd0e06a,3
0xd5F38A8B7935Dd0b6241224B24623b6B5038F281,1
0x26EB816c28B5460574BA186562365aE0c4828c52,1
0x602f58aF71F151Dfc12bF25CB60DD0d67c5B2275,2
0x2B6eC0980174A0b8F09495d94B170D3ddFE81Fa8,1
0x9F7e93687A2107F69493796a8763D16740CB2DfB,1
0x9C1c969834925e9228c445332D1c3a4C7F437704,1
0x0596DfD9E1B27918cFF5066770E18d0d7b9f0018,1
0xBa2121Bf9288Acc93dF996ccBD06C4C2Fd937ce0,1
0x041984dbc74a4e8F82a96b03b2f16b8E520CC7ED,1
0x160Ba8C6f647ec69242E6E5E246f86FC99999369,1
0x50fa08c981Cb70E2CDC5a031617675a790F5cdf5,1
0x5c09CFAB4185437E0112b1a920DA2dA4fba8BC0f,1
0xF4174AB1A9CF93217279aB0484ffC78aB7C7B83e,1
0xcC28512b46c5fB7779006D2Eeb2B68fEB6a00533,1
0xB80b9B0CB84456CDA37c37c3F956a870EEed19A5,1
0xA531040422F158b6608C21D0B16Ab3fdC095693b,1
0x06DD41e3370d2Db6614c0029DC2B2085cE1Cd061,3
0x0B836F7ea6B21d4d6Fb8ac9ecb280B248753f821,1
0xb1C784a6aacFd3e170EB4ddB67f48d619034BAca,1
0x4c23E6fe44C190dF58D29bd46CB2f313B32Ed770,1
0x4c5B947550Dea811CF3D4870aEE79af330b332B9,1
0xA0A17A7e7d701132b7022E2A7CD95085f094AC6C,1
0x8FA8B21d29301Ab1C4099FFa8826c01478fED6e3,1
0x2dBC97FAFd68396bf4beC82b89Aa8E78Af2e3077,1
0xEc32D13ab164AcDD7F42ddF651662d7841A3a678,1
0x7d31223da624E164036A27ABa5AdD059b353Ec9F,2
0xF33b9815f7e615182EBC2E911503dE8412e398e8,1
0xDDe965F942292C807792D49f39B9B4cFe10Cf562,1
0x88bDb6E9b8cCaFb58E5369763bed130032791BAb,1
0xa47675bdC6C87E9Cdb8115459fCAa6D217b1F6C9,1
0x95ab275EFe877C93d3004814181edfa29070A150,1
0x3d1e2643e0E7729725a306F830344BE4953464d7,7
0x3DC84dDBB43087C9dcA7C52Bb0036f153DC75c49,3
0xA7366261F58DE18FA17C7a3Caf9127aA86DEed2E,1
0xff4c0AD1A5c616eB96b96DABF5F39C56948BF83F,1
0x08a3AD589490Ef72dc76721F549B1741D8E52784,1
0x1500cbF8c5d6a2F92BA75810C5E233E49DBFf3a2,1
0xDE912F3FFAc3A99645871137a6aA7d72bc22bbCA,1
0x8e53ad07E9c8b501e99c2f0B0C290dc79e5c23AA,1
0x5B25adE8DbA55fe6D3D7F7719018504899B729e2,1
0xB2f446420d147A8234d416477AF2F6419F7c7194,1
0x9eB95d2ce7c806472EfAfB89Fc1D03466Ef516Cd,1
0x97d40070dC897ec8B971273a39a1E7399D427eE6,1
0xf906D94509aF8492B323c6f23f0dF07F7008c65D,1
0x9799cCdd88172462ec24AD105Ff48dE7CEbE9e15,1
0x5979CA6bD7d4A37Fb5B87b96339C17Be143c0968,1
0x0c168f2821085F661bA4A47ee91062fF9ac0DDE8,1
0xC46498da751bde3187BDFf2ec1D0e436155559bF,1
0xaBF2859E1991aca2d25071494e8F5015fD302cdc,1
0x3D4a04f1ec9eeb3b5CbB2e5C9D0310167177Be9E,1
0x476461F4b9502835106800DDe08a820Da4703C70,1
0x2A054f4253D5D5c142f156744fAe3519ec033d0E,1
0x055a4C66484C7909CA3d23d030ad0af7259222aA,1
0xD54b076dBe81f1a1e5b8C49B0c353a36E6e0363F,1
0x4f05B04D64Ed5Fb53d27eF19E82488828c857d87,3
0xDEAD62357f694eBCCe926f5ddAF0bE99219573B2,1
0x984bf952682adF5AEEa5BCff1C1e729Fd82E1C91,1
0x96bB0064A0a61FDe84a6c33171724a6990Ca4f89,1
0x496A2A861Bc63AE718a49603fC9CC764b87cbcD6,1
0xF5A9f8E78B84FC601D55AF0c6ec6b4ffB3b60AcA,1
0xBcFCeE911c901b05b100ac068b31cd560a90E718,1
0x12c8d18Ce4de56976af414C2ebfE2C640BC0e497,1
0xd20Cbea03E02e4FAD934E12e76E278a675c4BB85,1
0x7E436F3bE30a33b97Dba729190E3b9f417dEC973,1
0x1d5b8F533AC3Fd1DC5E455360D037E66896c26B9,1
0xf534ec29BF9994b6D6786a19947286562e421e23,1
0x2ca10A840a601fDF18Ed519859B59C5cabEa9411,1
0x8C9f0EA3C3bb505893b30b9FFe23F04e53Aa41dD,1
0x3d879f55fF0C849dD79a2eFE599A52b6EDDc363f,1
0xa288d54f220fA696Ee7E33D406A4C9D16ECDc4B9,1
0xD33fb570E7D1e7D869beaC5ac2ECB4Dceda276f5,1
0xA17313bEa9d00d9F5C7Fc594c71a1994D0aBebEA,1
0x4CEA2F9c2D6adBfDbf4dB2184E0Cb5BCD08B07d1,1
0x085843DBDe124AB8baBD558fea60534962628338,1
0xBA0f56e27e753F39b2BaF43B1b2aB27134b736C6,1
0x4777AFF57c5dCFc10591e6f2DA0d2e087dA13372,1
0x48244AD9ce128250B80b0945a0055BF93B693c50,1
0x25817174e3Bc0AbE3Ab09358905558881B722F96,1
0x003018F3b836e952775C07E9b7BCde83b519a299,1
0x3613E8832c67FA407FaCc18520AC105AaF4ADBAb,1
0x62847d8B12b2513a8C2D38df3881Fd1D31Ae1df6,1
0xd49cA89D56AF9DC56FD63646B3FC1cAB9Eb8271b,1
0xb28cbCD2c46CB0D8Abd14Ae43f4c647D92404c74,1
0x5ff553d83F6194132C90E26FFc7aed620a97df96,1
0x65A1690BA09cD5cd7E3bF97b4A6e8DCFE5608F18,1
0x69d579b2621c66CaF1Bc0bb348ab074e876254c1,3
0x4BC7dcc4BadB5b7551e148e4c1F24f41676A194B,2
0xA0BC75720afB60BBda96458A87DCa21022e183Bf,1
0x4d70c0756CE7023a2De74857c60B17c9638F25e7,1
0x1d2A0C176a69C596aa824cb7180865F9A80DA3Cc,5
0xCD0FE5Ac36E0B0d803BB2baa850A2d1C321E3400,1
0x71435e346F5D714869f31F98e1a4a95efc07B077,1
0xD8fEae09b146E3A060d440B1321F9f8905D25FF3,1
0xae6e9c0615Add702E666e8A02EB3D6d4fA40FEe4,1
0xe3ABF5187c3abB1BfcDC39274f54a3bB97F3A406,2
0x2b9c1686f01F4C28Bdf8d01aBEF9EC8E2BF8f4F3,1
0xF22D8028a71f5Cbe8d51B4E0243C02659243F58c,2
0x50307Ac32a852730ed4A8fCe7A8C3cA72C7638Fa,1
0x9Baf7C87825e382408a5C17D36af48d3c8A4756B,3
0x60E7f77B4254829dDF1AFAc41B075887a871727f,1
0x80aDC5950097a23DDeD37De914cabC79e6622a98,1
0xDfD93b7f9028795591B3C348Bf210431Ae8C10Bd,1
0xCcf7712DD1587276c41c510fAcd4A08Bc284e970,2
0xF573BA63faF880a84a52D5C590D0208F0b89436a,1
0x96EE335B1339CD39849DdaE8f2138922062545A4,1
0x15A60C738bAc6da4017E6ae20b405fE99BE45202,1
0xe29e7686B23590EcF18c5f337071918fac722D3d,3
0xD08cdFf04DFf9a2bb47d5f30d4958781DebdC57c,3
0x6A0f442d9a59F1586c21bE8B428548803236eecD,5
0x9CED6C82326c7Dbc222dd17B6573E69cfE3983f2,1
0x20C40B23779D5249f85C7b4C2cC068Cc448735Fe,1
0x21fc5FfB77f45ed7167fa09b3C65244CCc5E9c9C,1
0xF77c1F15F25419e9EED1E23f40388872a072F344,1
0xB24B84EfB5B77EB8C6D6A1Cd3a201cbE713FeC2b,1
0xE52942583AAf74a11189e018a10B7AA65B6acFdA,1
0x5f3d2DbB09E57d9AE60f396A42FE7B7a50B178cB,1
0x76480193480B096be50160BEe7ceD301e7248941,1
0x2F01Ffb06a569e794B252f570d92C7FD68ABD3f0,1
0xE97496666fa6DD141b32dEdB59ADDf2A8ADe8b2b,1
0xa5941Baf67AeeF865c9b63d5D6b99e46686B5A2c,1
0x0819B0Fd9813caf69ca417C435F51B8fc2445bA7,1
0x4045fCfA246f84468b1AB116D6Eb727577cb45Ee,1
0x5264F9536e9A437e484E1c7e4C0b1dF9BB1f273A,2
0xD5f04bb94cB96d95a76FE87d5Af3A1a90E7dB4FB,1
0x0F0482CA9e7a796e8a6AEdB5667bD9d8D8bC8d90,1
0x23158FC4730b3385d71BE415C459EcF6E8623DCC,1
0xbe5DB9E33A2309898D44d9f7A6EE9229EB4d5415,1
0xf16547266b3c700ed45DC455BBFa014b70B973C0,1
0x862f3C4650591be3B7ae8250C392C4E1C7C692E6,1
0x2AaEc1e6deAb6A3e8CAFB98AA81450B4F6A4CaC9,1
0x3112898342C3D1fc12F745F6DeB5D762EACD7578,1
0x33b7e3bC085a049473453Fb6206d420662Bf3462,1
0x7960d99DeDEF3184E54750839e8bD224648f4AB6,1
0x4889f83d6644D0afD145f9b797c88220d8aE9e68,13
0xeE9d8496a54308e12F47A7a7FBEC541c5af0998B,1
0x926cC667FC7085c876891150C37466Cc20B31761,1
0x01988A28e2bE5218fDdFB334B2bBc415Cb15F50c,1
0x15023b58BF0D1E2324947446ebDEa2C8e8fB2499,1
0xa7503D5ed9DBdf964555F92d9350fbf37311A2aC,3
0xc424a6E50cbaE34c47f63a12629DA147e4741102,1
0xCe1F495477dE7be2aaaF4FE17bba4b773930c47D,1
0x300FeB9c7B176c966944c573bee1F3bcA6F29EAF,1
0x51E23bAb51B04b6D2194bAafC68b95205Dbb7620,1
0xE97c8A65BFaf3dB6491181d8aa1DCCa6782b4E85,2
0x15ccF022c1d504ee66b345156138178d9d2A0285,2
0xE8a48d600fC6B5a8Ca5817BA5625f139A9793460,1
0x5F5B00b328704Cedfd7db2274DC084C34C0779E7,1
0xF209a3AF225a010e0174585Fe56875b3FE1f36e5,5
0x4eC3B52C788f58a6f273F33e4cbC38ae2cBfE6C8,1
0x076edEe355c0b4E5b1371085C24E27A2Fc07D71A,1
0x772499480BA7a35E6362676bCD96D62B31f64350,5
0x49131F1A71414cc29fE5a8d408DD6AaFe0E48C4D,1